{
  "query": {
    "bool": {
      "should": [
        {
          "wildcard": {
            "hierarchy.keyword": {
              "value": "M:/72365595 Monique Z117665*"
            }
          }
        },
        {
          "wildcard": {
            "hierarchy.keyword": {
              "value": "M:/Activiteitenbesluit*"
            }
          }
        },
        {
          "wildcard": {
            "hierarchy.keyword": {
              "value": "M:/astrid INFORMATIEPLICHT ENERGIE*"
            }
          }
        },
        {
          "wildcard": {
            "hierarchy.keyword": {
              "value": "M:/BVB Actualisatie*"
            }
          }
        },
        {
          "wildcard": {
            "hierarchy.keyword": {
              "value": "M:/Evaluatierapport Koninginnedijk*"
            }
          }
        },
        {
          "wildcard": {
            "hierarchy.keyword": {
              "value": "M:/Graafsedijk 7 Beers*"
            }
          }
        },
        {
          "wildcard": {
            "hierarchy.keyword": {
              "value": "M:/Jeroen Delsink*"
            }
          }
        },
        {
          "wildcard": {
            "hierarchy.keyword": {
              "value": "M:/Juridisch vakgroepoverleg*"
            }
          }
        },
        {
          "wildcard": {
            "hierarchy.keyword": {
              "value": "M:/Juristen*"
            }
          }
        },
        {
          "wildcard": {
            "hierarchy.keyword": {
              "value": "M:/Marcel de Laat*"
            }
          }
        },
        {
          "wildcard": {
            "hierarchy.keyword": {
              "value": "M:/MSD Boxmeer*"
            }
          }
        },
        {
          "wildcard": {
            "hierarchy.keyword": {
              "value": "M:/projecten JGR*"
            }
          }
        },
        {
          "wildcard": {
            "hierarchy.keyword": {
              "value": "M:/pwp stoppers*"
            }
          }
        },
        {
          "wildcard": {
            "hierarchy.keyword": {
              "value": "M:/Raymond Schoonbrood*"
            }
          }
        },
        {
          "wildcard": {
            "hierarchy.keyword": {
              "value": "M:/Regieteam Provincie*"
            }
          }
        },
        {
          "wildcard": {
            "hierarchy.keyword": {
              "value": "M:/Restwarmte OSS*"
            }
          }
        },
        {
          "wildcard": {
            "hierarchy.keyword": {
              "value": "M:/Sint Laurentsstraat 19*"
            }
          }
        },
        {
          "wildcard": {
            "hierarchy.keyword": {
              "value": "M:/Sjablonen*"
            }
          }
        },
        {
          "wildcard": {
            "hierarchy.keyword": {
              "value": "M:/SSIB*"
            }
          }
        },
        {
          "wildcard": {
            "hierarchy.keyword": {
              "value": "M:/Stikstofbeoordelingen*"
            }
          }
        },
        {
          "wildcard": {
            "hierarchy.keyword": {
              "value": "M:/TABC*"
            }
          }
        },
        {
          "wildcard": {
            "hierarchy.keyword": {
              "value": "M:/Taskforce 2.0 transitie veehouderij*"
            }
          }
        },
        {
          "wildcard": {
            "hierarchy.keyword": {
              "value": "M:/WaboVTH*"
            }
          }
        },
        {
          "wildcard": {
            "hierarchy.keyword": {
              "value": "M:/Z091091 stukken Wnb aanvraag*"
            }
          }
        },
        {
          "wildcard": {
            "hierarchy.keyword": {
              "value": "M:/Z88256 Watersteeg 4 Herpt*"
            }
          }
        }
      ]
    }
  }
}





